title,category_name
It's Only the Himalayas,Travel
Full Moon over Noahâs Ark: An Odyssey to Mount Ararat and Beyond,Travel
See America: A Celebration of Our National Parks & Treasured Sites,Travel
Vagabonding: An Uncommon Guide to the Art of Long-Term World Travel,Travel
Under the Tuscan Sun,Travel
A Summer In Europe,Travel
The Great Railway Bazaar,Travel
A Year in Provence (Provence #1),Travel
The Road to Little Dribbling: Adventures of an American in Britain (Notes From a Small Island #2),Travel
Neither Here nor There: Travels in Europe,Travel
